day_of_week,age_band_of_driver,sex_of_driver,educational_level,vehicle_driver_relation,driving_experience,type_of_vehicle,owner_of_vehicle,service_year_of_vehicle,defect_of_vehicle,area_accident_occured,lanes_or_medians,road_allignment,types_of_junction,road_surface_type,road_surface_conditions,light_conditions,weather_conditions,type_of_collision,number_of_vehicles_involved,number_of_casualties,vehicle_movement,pedestrian_movement,cause_of_accident,hour,time_period,Predicted_Accident_Severity
Monday,18-30,Male,Elementary school,Owner,Above 10yr,Lorry (41?100Q),Owner,Above 10yr,No defect,Residential areas,Two-way (divided with broken lines road marking),Tangent road with flat terrain,No junction,Asphalt roads,Dry,Daylight,Normal,Vehicle with vehicle collision,2,1,Moving Backward,Not a Pedestrian,No distancing,15,Afternoon,2
Sunday,Over 51,Male,Junior high school,Employee,1-2yr,Automobile,Owner,Unknown,No defect, Church areas,Two-way (divided with broken lines road marking),Tangent road with flat terrain,Crossing,Asphalt roads,Dry,Daylight,Normal,Collision with roadside objects,2,1,Going straight,Not a Pedestrian,No distancing,9,Morning,2
Sunday,Over 51,Male,Junior high school,Employee,5-10yr,Pick up upto 10Q,Governmental,Unknown,No defect, Church areas,Double carriageway (median),Tangent road with flat terrain,Crossing,Asphalt roads,Dry,Daylight,Normal,Vehicle with vehicle collision,2,1,Going straight,Not a Pedestrian,No priority to pedestrian,9,Morning,2
Thursday,18-30,Male,Junior high school,Employee,2-5yr,Lorry (41?100Q),Owner,2-5yrs,No defect,Residential areas,Double carriageway (median),Tangent road with flat terrain,Y Shape,Other,Dry,Daylight,Normal,Vehicle with vehicle collision,3,1,Going straight,Not a Pedestrian,Driving carelessly,17,Evening,2
Thursday,18-30,Male,Junior high school,Employee,2-5yr,Public (13?45 seats),Owner,Unknown,No defect,Office areas,Two-way (divided with broken lines road marking),Tangent road with mild grade and flat terrain,Y Shape,Gravel roads,Dry,Daylight,Normal,Vehicle with vehicle collision,3,1,Going straight,Not a Pedestrian,Changing lane to the right,17,Evening,2
Thursday,31-50,Male,Junior high school,Employee,2-5yr,Long lorry,Owner,5-10yrs,No defect,Office areas,Two-way (divided with broken lines road marking),Tangent road with mild grade and flat terrain,Y Shape,Gravel roads,Dry,Daylight,Normal,Vehicle with vehicle collision,3,1,Going straight,Not a Pedestrian,Changing lane to the left,17,Evening,2
Sunday,18-30,Unknown,Junior high school,Employee,2-5yr,Automobile,Owner,2-5yrs,No defect,Residential areas,Two-way (divided with broken lines road marking),Tangent road with flat terrain,No junction,Asphalt roads,Dry,Darkness - lights lit,Normal,Collision with pedestrians,2,1,Going straight,Not a Pedestrian,Driving carelessly,20,Evening,2
Sunday,Over 51,Male,Junior high school,Employee,Above 10yr,Automobile,Owner,5-10yrs,No defect, Church areas,other,Tangent road with flat terrain,No junction,Asphalt roads,Dry,Darkness - lights lit,Normal,Vehicle with vehicle collision,2,1,Going straight,Not a Pedestrian,Driving carelessly,20,Evening,2
Thursday,18-30,Male,Junior high school,Employee,Above 10yr,Other,Owner,Unknown,No defect,Other,Two-way (divided with broken lines road marking),Tangent road with flat terrain,Y Shape,Earth roads,Dry,Darkness - lights lit,Normal,Vehicle with vehicle collision,2,2,Going straight,Not a Pedestrian,No distancing,21,Night,2
Thursday,31-50,Male,Elementary school,Employee,5-10yr,Automobile,Owner,Unknown,No defect,Office areas,Two-way (divided with broken lines road marking),Tangent road with flat terrain,Y Shape,Asphalt roads,Dry,Darkness - lights lit,Normal,Vehicle with vehicle collision,2,2,Going straight,Not a Pedestrian,Other,21,Night,2
Monday,18-30,Male,Junior high school,Employee,5-10yr,Long lorry,Owner,Unknown,No defect,Other,Two-way (divided with broken lines road marking),Tangent road with flat terrain,Y Shape,Asphalt roads,Dry,Darkness - lights lit,Normal,Vehicle with vehicle collision,2,1,Going straight,Not a Pedestrian,Changing lane to the right,19,Evening,2
Monday,18-30,Male,Junior high school,Employee,2-5yr,Public (12 seats),Owner,Unknown,No defect,Other,Two-way (divided with broken lines road marking),Tangent road with flat terrain,Y Shape,Asphalt roads,Dry,Darkness - lights lit,Normal,Vehicle with vehicle collision,2,1,Going straight,Not a Pedestrian,Changing lane to the right,19,Evening,2
Monday,18-30,Male,Elementary school,Employee,5-10yr,Public (12 seats),Owner,Unknown,No defect,Other,Two-way (divided with broken lines road marking),Tangent road with flat terrain,Crossing,Asphalt roads,Dry,Daylight,Normal,Vehicle with vehicle collision,2,1,Parked,Not a Pedestrian,No distancing,16,Afternoon,2
Monday,Over 51,Male,Junior high school,Employee,5-10yr,Other,Governmental,2-5yrs,No defect,Residential areas,Two-way (divided with broken lines road marking),Tangent road with flat terrain,Crossing,Earth roads,Dry,Daylight,Normal,Collision with roadside objects,2,1,Going straight,Not a Pedestrian,No distancing,16,Afternoon,2
Monday,31-50,Unknown,Junior high school,Employee,Above 10yr,Other,Owner,Below 1yr,No defect, Church areas,Undivided Two way,Tangent road with flat terrain,Crossing,Asphalt roads,Dry,Daylight,Normal,Vehicle with vehicle collision,1,1,Going straight,Not a Pedestrian,Overturning,15,Afternoon,2
Thursday,Under 18,Male,Junior high school,Employee,5-10yr,Other,Owner,Unknown,No defect,Other,Undivided Two way,Tangent road with flat terrain,No junction,Asphalt roads,Dry,Darkness - no lighting,Normal,Vehicle with vehicle collision,1,4,Going straight,Not a Pedestrian,Driving at high speed,23,Night,1
Thursday,Under 18,Male,Junior high school,Employee,Above 10yr,Public (12 seats),Owner,Unknown,No defect,Other,One way,Tangent road with flat terrain,No junction,Asphalt roads,Dry,Darkness - no lighting,Normal,Vehicle with vehicle collision,1,4,Going straight,Not a Pedestrian,No priority to vehicle,23,Night,1
Thursday,Under 18,Male,Elementary school,Employee,Below 1yr,Lorry (41?100Q),Owner,Unknown,No defect,Residential areas,Two-way (divided with broken lines road marking),Tangent road with flat terrain,No junction,Asphalt roads,Dry,Darkness - no lighting,Normal,Vehicle with vehicle collision,1,4,Going straight,Not a Pedestrian,No priority to pedestrian,23,Night,1
Thursday,Under 18,Male,Elementary school,Employee,5-10yr,Other,Owner,Unknown,No defect,Office areas,One way,Tangent road with flat terrain,No junction,Asphalt roads,Dry,Darkness - no lighting,Normal,Vehicle with vehicle collision,1,4,Going straight,Not a Pedestrian,No priority to vehicle,23,Night,1
Monday,Over 51,Male,Elementary school,Employee,1-2yr,Public (12 seats),Owner,Unknown,No defect, Industrial areas,Two-way (divided with broken lines road marking),Tangent road with flat terrain,Y Shape,Asphalt roads,Dry,Darkness - lights unlit,Normal,Vehicle with vehicle collision,3,1,Turnover,Not a Pedestrian,Other,20,Evening,2
Monday,31-50,Unknown,Elementary school,Employee,5-10yr,Other,Governmental,Unknown,No defect,Residential areas,Double carriageway (median),Tangent road with flat terrain,Y Shape,Asphalt roads,Dry,Darkness - lights unlit,Normal,Vehicle with vehicle collision,3,1,Going straight,Not a Pedestrian,Other,20,Evening,2
Monday,31-50,Male,Elementary school,Employee,5-10yr,Lorry (11?40Q),Owner,Unknown,No defect,Office areas,Unknown,Tangent road with flat terrain,Y Shape,Asphalt roads,Dry,Darkness - lights unlit,Normal,Vehicle with vehicle collision,3,1,Going straight,Not a Pedestrian,Moving Backward,20,Evening,2
Friday,18-30,Male,Elementary school,Employee,2-5yr,Other,Owner,2-5yrs,No defect,Other,Two-way (divided with broken lines road marking),Tangent road with flat terrain,Crossing,Asphalt roads,Dry,Daylight,Normal,Rollover,2,1,Unknown,Not a Pedestrian,No distancing,17,Evening,2
Friday,31-50,Male,Elementary school,Employee,5-10yr,Other,Owner,Unknown,No defect, Church areas,other,Tangent road with flat terrain,Crossing,Asphalt roads,Dry,Daylight,Normal,Vehicle with vehicle collision,2,1,Moving Backward,Not a Pedestrian,Moving Backward,17,Evening,2
Monday,31-50,Unknown,Junior high school,Unknown,5-10yr,Other,Owner,Above 10yr,No defect, Industrial areas,Two-way (divided with broken lines road marking),Tangent road with flat terrain,Crossing,Earth roads,Dry,Daylight,Normal,Vehicle with vehicle collision,1,1,Going straight,Not a Pedestrian,No priority to vehicle,18,Evening,2
Friday,18-30,Male,Junior high school,Employee,Above 10yr,Pick up upto 10Q,Owner,Unknown,No defect,  Recreational areas,One way,Tangent road with flat terrain,No junction,Asphalt roads,Dry,Daylight,Normal,Vehicle with vehicle collision,1,1,Moving Backward,Not a Pedestrian,Driving carelessly,17,Evening,2
Saturday,Unknown,Female,Junior high school,Employee,Above 10yr,Automobile,Owner,Unknown,No defect,  Market areas,Undivided Two way,Tangent road with flat terrain,Crossing,Asphalt roads,Dry,Darkness - lights lit,Normal,Collision with roadside objects,2,3,Turnover,Not a Pedestrian,No distancing,1,Night,2
Saturday,18-30,Unknown,Elementary school,Employee,Below 1yr,Other,Owner,Unknown,No defect,Other,Two-way (divided with broken lines road marking),Tangent road with flat terrain,Crossing,Asphalt roads,Dry,Darkness - lights lit,Normal,Vehicle with vehicle collision,2,3,Going straight,Not a Pedestrian,Other,1,Night,2
Saturday,18-30,Male,Elementary school,Employee,5-10yr,Lorry (41?100Q),Owner,Unknown,No defect,Other,Two-way (divided with broken lines road marking),Tangent road with flat terrain,Crossing,Asphalt roads,Dry,Darkness - lights lit,Normal,Vehicle with vehicle collision,2,3,Going straight,Not a Pedestrian,Changing lane to the right,1,Night,2
Saturday,18-30,Male,Elementary school,Owner,5-10yr,Public (13?45 seats),Owner,Unknown,No defect, Industrial areas,Two-way (divided with broken lines road marking),Tangent road with flat terrain,Crossing,Earth roads,Dry,Darkness - lights lit,Normal,Vehicle with vehicle collision,2,3,Unknown,Not a Pedestrian,No distancing,1,Night,2
Wednesday,31-50,Male,Elementary school,Employee,2-5yr,Automobile,Governmental,2-5yrs,No defect,Other,Two-way (divided with broken lines road marking),Tangent road with flat terrain,No junction,Asphalt roads,Wet or damp,Darkness - lights lit,Raining,Collision with roadside objects,2,1,Going straight,Not a Pedestrian,Driving carelessly,18,Evening,2
Wednesday,18-30,Male,Elementary school,Employee,Above 10yr,Pick up upto 10Q,Governmental,Unknown,No defect,Office areas,other,Tangent road with flat terrain,No junction,Asphalt roads,Wet or damp,Darkness - lights lit,Raining,Vehicle with vehicle collision,2,1,Going straight,Not a Pedestrian,No distancing,18,Evening,2
Friday,18-30,Male,Elementary school,Employee,2-5yr,Lorry (41?100Q),Owner,Unknown,No defect,Other,other,Tangent road with flat terrain,Y Shape,Asphalt roads,Dry,Daylight,Normal,Vehicle with vehicle collision,3,1,Going straight,Not a Pedestrian,No priority to vehicle,15,Afternoon,2
Friday,31-50,Male,Junior high school,Employee,Above 10yr,Public (12 seats),Owner,Unknown,No defect,Office areas,Two-way (divided with broken lines road marking),Tangent road with flat terrain,Y Shape,Asphalt roads,Dry,Daylight,Normal,Vehicle with vehicle collision,3,1,Going straight,Not a Pedestrian,Changing lane to the right,15,Afternoon,2
Friday,18-30,Male,Junior high school,Employee,Below 1yr,Other,Owner,Unknown,No defect,Office areas,Undivided Two way,Tangent road with flat terrain,Y Shape,Asphalt roads,Dry,Daylight,Normal,Vehicle with vehicle collision,3,1,Reversing,Not a Pedestrian,No priority to pedestrian,15,Afternoon,2
Tuesday,18-30,Male,Junior high school,Employee,2-5yr,Lorry (41?100Q),Organization,Unknown,No defect,Other,other,Tangent road with flat terrain,Other,Asphalt roads,Dry,Daylight,Normal,Collision with roadside objects,1,1,Going straight,Not a Pedestrian,No priority to vehicle,12,Afternoon,1
Monday,Under 18,Unknown,Elementary school,Employee,5-10yr,Pick up upto 10Q,Governmental,2-5yrs,No defect,Other,other,Tangent road with flat terrain,Crossing,Asphalt roads,Dry,Daylight,Normal,Vehicle with vehicle collision,2,1,Going straight,Not a Pedestrian,Changing lane to the left,8,Morning,2
Monday,Over 51,Male,Elementary school,Employee,5-10yr,Other,Owner,Unknown,No defect,Other,Undivided Two way,Tangent road with flat terrain,Crossing,Asphalt roads,Dry,Daylight,Normal,Vehicle with vehicle collision,2,1,Going straight,Not a Pedestrian,Turnover,8,Morning,2
Saturday,31-50,Male,Elementary school,Employee,1-2yr,Lorry (41?100Q),Owner,Above 10yr,No defect,Other,other,Tangent road with flat terrain,No junction,Other,Wet or damp,Daylight,Normal,Vehicle with vehicle collision,1,1,Turnover,Not a Pedestrian,Driving to the left,17,Evening,2
Sunday,18-30,Male,Elementary school,Employee,5-10yr,Ridden horse,Owner,Unknown,No defect,Residential areas,Undivided Two way,Tangent road with flat terrain,No junction,Asphalt roads,Dry,Darkness - lights lit,Normal,Vehicle with vehicle collision,1,3,Reversing,Not a Pedestrian,Driving carelessly,0,Night,2
Sunday,18-30,Male,Junior high school,Employee,1-2yr,Automobile,Owner,2-5yrs,No defect, Church areas,Undivided Two way,Tangent road with flat terrain,No junction,Asphalt roads,Dry,Darkness - lights lit,Normal,Vehicle with vehicle collision,1,3,Going straight,Not a Pedestrian,Driving to the left,0,Night,2
Sunday,18-30,Male,Junior high school,Employee,5-10yr,Automobile,Owner,2-5yrs,No defect,Office areas,Double carriageway (median),Tangent road with flat terrain,No junction,Asphalt roads,Dry,Darkness - lights lit,Normal,Collision with pedestrians,1,3,Going straight,Not a Pedestrian,Driving carelessly,0,Night,2
Wednesday,31-50,Male,Elementary school,Owner,1-2yr,Stationwagen,Owner,2-5yrs,No defect, Church areas,other,Tangent road with flat terrain,Crossing,Asphalt roads,Dry,Daylight,Normal,Vehicle with vehicle collision,1,1,Turnover,Not a Pedestrian,No priority to pedestrian,15,Afternoon,2
Saturday,Under 18,Male,Junior high school,Employee,5-10yr,Other,Owner,2-5yrs,No defect,Other,Two-way (divided with broken lines road marking),Tangent road with flat terrain,Y Shape,Asphalt roads,Wet or damp,Darkness - lights lit,Raining,Vehicle with vehicle collision,2,1,Moving Backward,Not a Pedestrian,Driving carelessly,18,Evening,2
Saturday,18-30,Male,Junior high school,Employee,2-5yr,Lorry (41?100Q),Owner,Unknown,No defect,Other,other,Tangent road with flat terrain,Y Shape,Asphalt roads,Wet or damp,Darkness - lights lit,Raining,Collision with roadside objects,2,1,Going straight,Not a Pedestrian,Changing lane to the right,18,Evening,2
Friday,31-50,Male,Junior high school,Employee,2-5yr,Lorry (41?100Q),Owner,1-2yr,No defect,School areas,other,Steep grade downward with mountainous terrain,No junction,Asphalt roads,Wet or damp,Darkness - no lighting,Normal,Vehicle with vehicle collision,1,1,Going straight,Not a Pedestrian,Moving Backward,5,Morning,1
Saturday,18-30,Unknown,Junior high school,Employee,5-10yr,Long lorry,Owner,5-10yrs,No defect,Office areas,Two-way (divided with broken lines road marking),Tangent road with mild grade and flat terrain,Crossing,Earth roads,Dry,Daylight,Normal,Vehicle with vehicle collision,1,1,Going straight,Not a Pedestrian,Driving carelessly,12,Afternoon,2
Friday,31-50,Male,Junior high school,Owner,Below 1yr,Stationwagen,Owner,Below 1yr,No defect,Other,other,Steep grade downward with mountainous terrain,No junction,Asphalt roads,Dry,Darkness - lights lit,Normal,Collision with pedestrians,1,1,Reversing,Not a Pedestrian,Changing lane to the right,22,Night,2
Friday,31-50,Male,High school,Employee,Below 1yr,Public (12 seats),Owner,Unknown,No defect,Office areas,Undivided Two way,Tangent road with flat terrain,Crossing,Asphalt roads,Wet or damp,Darkness - lights lit,Raining,Vehicle with vehicle collision,2,1,Going straight,Not a Pedestrian,Driving carelessly,6,Morning,1
Friday,31-50,Male,Junior high school,Employee,5-10yr,Automobile,Owner,Unknown,No defect,Other,Undivided Two way,Tangent road with flat terrain,Crossing,Asphalt roads,Wet or damp,Darkness - lights lit,Raining,Vehicle with vehicle collision,2,1,Going straight,Not a Pedestrian,Driving carelessly,6,Morning,1
Thursday,Under 18,Male,Junior high school,Employee,Below 1yr,Public (12 seats),Owner,2-5yrs,No defect,Other,Two-way (divided with broken lines road marking),Tangent road with flat terrain,No junction,Asphalt roads,Wet or damp,Darkness - lights lit,Normal,Collision with pedestrians,1,2,Going straight,Not a Pedestrian,Driving carelessly,17,Evening,1
Thursday,Under 18,Male,Junior high school,Employee,2-5yr,Lorry (41?100Q),Owner,Unknown,No defect,Office areas,Undivided Two way,Tangent road with flat terrain,No junction,Asphalt roads,Wet or damp,Darkness - lights lit,Normal,Collision with pedestrians,1,2,Parked,Not a Pedestrian,Changing lane to the right,17,Evening,2
Friday,18-30,Unknown,Junior high school,Employee,2-5yr,Automobile,Owner,Unknown,No defect,Other,Double carriageway (median),Tangent road with flat terrain,Y Shape,Asphalt roads,Wet or damp,Darkness - lights lit,Raining,Collision with pedestrians,1,4,Going straight,Not a Pedestrian,Changing lane to the right,4,Night,2
Friday,18-30,Male,Junior high school,Employee,5-10yr,Lorry (41?100Q),Owner,Unknown,No defect, Church areas,other,Tangent road with flat terrain,Y Shape,Asphalt roads,Wet or damp,Darkness - lights lit,Raining,Collision with roadside objects,1,4,Going straight,Not a Pedestrian,Driving carelessly,4,Night,2
Friday,18-30,Male,Elementary school,Employee,5-10yr,Lorry (41?100Q),Owner,Unknown,No defect,Office areas,Two-way (divided with broken lines road marking),Tangent road with flat terrain,Y Shape,Asphalt roads,Wet or damp,Darkness - lights lit,Raining,Vehicle with vehicle collision,1,4,Unknown,Not a Pedestrian,Overtaking,4,Night,2
Friday,18-30,Unknown,Junior high school,Owner,5-10yr,Pick up upto 10Q,Owner,Above 10yr,No defect,Office areas,Two-way (divided with broken lines road marking),Tangent road with flat terrain,Y Shape,Asphalt roads,Wet or damp,Darkness - lights lit,Raining,Vehicle with vehicle collision,1,4,Going straight,Not a Pedestrian,Changing lane to the right,4,Night,2
Saturday,18-30,Male,Junior high school,Employee,5-10yr,Other,Owner,2-5yrs,No defect,Other,Undivided Two way,Tangent road with mountainous terrain and,Y Shape,Asphalt roads,Dry,Daylight,Normal,Vehicle with vehicle collision,1,1,Going straight,Not a Pedestrian,No distancing,15,Afternoon,2
Friday,Under 18,Male,Junior high school,Owner,5-10yr,Automobile,Owner,2-5yrs,No defect,Residential areas,Undivided Two way,Tangent road with flat terrain,Crossing,Asphalt roads,Wet or damp,Daylight,Raining,Vehicle with vehicle collision,1,1,Stopping,Not a Pedestrian,Other,8,Morning,2
Sunday,18-30,Male,Illiterate,Employee,2-5yr,Automobile,Owner,Unknown,No defect,Residential areas,Undivided Two way,Tangent road with flat terrain,Y Shape,Asphalt roads,Dry,Darkness - lights lit,Normal,Vehicle with vehicle collision,2,2,Going straight,Not a Pedestrian,Changing lane to the right,0,Night,0
Sunday,31-50,Male,Junior high school,Employee,5-10yr,Lorry (11?40Q),Owner,5-10yrs,7,Other,Two-way (divided with broken lines road marking),Tangent road with flat terrain,Y Shape,Asphalt roads,Dry,Darkness - lights lit,Normal,Vehicle with vehicle collision,2,2,Overtaking,Not a Pedestrian,Changing lane to the right,0,Night,2
Sunday,31-50,Male,Junior high school,Employee,Below 1yr,Bajaj,Owner,Unknown,7,Other,other,Tangent road with flat terrain,Y Shape,Asphalt roads,Dry,Darkness - lights lit,Normal,Collision with pedestrians,2,2,Going straight,Not a Pedestrian,Overtaking,0,Night,2
Sunday,18-30,Male,Junior high school,Employee,1-2yr,Automobile,Owner,Unknown,No defect,Office areas,Two-way (divided with broken lines road marking),Steep grade downward with mountainous terrain,No junction,Asphalt roads,Wet or damp,Darkness - lights lit,Raining and Windy,Collision with roadside objects,2,1,Reversing,Not a Pedestrian,Other,0,Night,2
Sunday,18-30,Male,Elementary school,Employee,2-5yr,Lorry (41?100Q),Governmental,Unknown,No defect,School areas,Double carriageway (median),Tangent road with flat terrain,No junction,Earth roads,Wet or damp,Darkness - lights lit,Raining and Windy,Vehicle with vehicle collision,2,1,Going straight,Not a Pedestrian,Driving to the left,0,Night,2
Saturday,Unknown,Female,Elementary school,Employee,2-5yr,Lorry (11?40Q),Owner,Unknown,No defect,Other,Two-way (divided with broken lines road marking),Steep grade downward with mountainous terrain,Y Shape,Asphalt roads,Dry,Daylight,Cloudy,Vehicle with vehicle collision,2,2,Going straight,Not a Pedestrian,Overtaking,15,Afternoon,2
Saturday,31-50,Male,Elementary school,Employee,5-10yr,Lorry (11?40Q),Owner,5-10yrs,No defect,Other,Two-way (divided with broken lines road marking),Tangent road with rolling terrain,Y Shape,Asphalt roads,Dry,Daylight,Cloudy,Vehicle with vehicle collision,2,2,Unknown,Not a Pedestrian,No priority to vehicle,15,Afternoon,2
Saturday,31-50,Male,Junior high school,Employee,5-10yr,Automobile,Governmental,Unknown,No defect, Church areas,Two-way (divided with broken lines road marking),Tangent road with flat terrain,Y Shape,Asphalt roads,Dry,Daylight,Cloudy,Vehicle with vehicle collision,2,2,Going straight,Not a Pedestrian,Moving Backward,15,Afternoon,2
Saturday,Under 18,Male,Junior high school,Unknown,5-10yr,Automobile,Owner,Unknown,No defect,Office areas,Two-way (divided with broken lines road marking),Tangent road with mild grade and flat terrain,Y Shape,Asphalt roads,Wet or damp,Darkness - lights lit,Raining,With Train,2,1,Moving Backward,Not a Pedestrian,Other,16,Afternoon,2
Saturday,Under 18,Male,Junior high school,Employee,Above 10yr,Automobile,Owner,Unknown,No defect,Other,Two-way (divided with broken lines road marking),Tangent road with mild grade and flat terrain,Y Shape,Asphalt roads,Wet or damp,Darkness - lights lit,Raining,Vehicle with vehicle collision,2,1,Going straight,Not a Pedestrian,No priority to vehicle,16,Afternoon,2
Friday,Under 18,Male,Junior high school,Employee,Above 10yr,Public (13?45 seats),Governmental,Unknown,No defect,Residential areas,Double carriageway (median),Tangent road with flat terrain,Y Shape,Asphalt roads,Dry,Darkness - lights lit,Normal,Vehicle with vehicle collision,2,2,Moving Backward,Not a Pedestrian,No priority to pedestrian,1,Night,2
Friday,31-50,Male,Junior high school,Owner,Above 10yr,Public (12 seats),Owner,Unknown,No defect,Office areas,Two-way (divided with broken lines road marking),Tangent road with flat terrain,Y Shape,Asphalt roads,Dry,Darkness - lights lit,Normal,Vehicle with vehicle collision,2,2,Going straight,Not a Pedestrian,Changing lane to the right,1,Night,2
Monday,Over 51,Male,Junior high school,Employee,unknown,Other,Owner,Unknown,No defect,Office areas,Undivided Two way,Tangent road with flat terrain,Crossing,Asphalt roads,Wet or damp,Darkness - no lighting,Normal,Vehicle with vehicle collision,2,3,Going straight,Not a Pedestrian,Changing lane to the right,19,Evening,2
Monday,31-50,Male,Junior high school,Employee,5-10yr,Automobile,Owner,Below 1yr,No defect,Office areas,Two-way (divided with broken lines road marking),Tangent road with flat terrain,Crossing,Asphalt roads,Wet or damp,Darkness - no lighting,Normal,Vehicle with vehicle collision,2,3,Unknown,Not a Pedestrian,Changing lane to the right,19,Evening,2
Monday,31-50,Male,Junior high school,Employee,2-5yr,Automobile,Organization,1-2yr,No defect, Church areas,Two-way (divided with broken lines road marking),Tangent road with flat terrain,Crossing,Asphalt roads,Wet or damp,Darkness - no lighting,Normal,Vehicle with vehicle collision,2,3,Going straight,Not a Pedestrian,Driving to the left,19,Evening,2
Tuesday,18-30,Male,Elementary school,Employee,5-10yr,Public (13?45 seats),Owner,Unknown,No defect,Office areas,Two-way (divided with broken lines road marking),Tangent road with flat terrain,Crossing,Asphalt roads,Wet or damp,Darkness - lights lit,Normal,Vehicle with vehicle collision,2,1,Going straight,Not a Pedestrian,Changing lane to the left,19,Evening,2
Tuesday,18-30,Male,Junior high school,Employee,2-5yr,Public (13?45 seats),Owner,1-2yr,No defect,Office areas,Two-way (divided with broken lines road marking),Tangent road with mild grade and flat terrain,Crossing,Gravel roads,Wet or damp,Darkness - lights lit,Normal,Vehicle with vehicle collision,2,1,Going straight,Unknown or other,Moving Backward,19,Evening,2
Saturday,Over 51,Male,High school,Owner,5-10yr,Automobile,Owner,Unknown,No defect,Office areas,Two-way (divided with broken lines road marking),Tangent road with mild grade and flat terrain,No junction,Asphalt roads,Wet or damp,Darkness - lights lit,Raining,Vehicle with vehicle collision,2,1,Turnover,Not a Pedestrian,Driving at high speed,17,Evening,2
Saturday,18-30,Male,Junior high school,Employee,Above 10yr,Other,Owner,5-10yrs,No defect,Office areas,Two-way (divided with broken lines road marking),Tangent road with flat terrain,No junction,Asphalt roads,Wet or damp,Darkness - lights lit,Raining,Collision with pedestrians,2,1,Going straight,Not a Pedestrian,Moving Backward,17,Evening,2
Sunday,31-50,Male,Junior high school,Employee,2-5yr,Pick up upto 10Q,Owner,Unknown,No defect,Other,Two-way (divided with broken lines road marking),Tangent road with flat terrain,Y Shape,Asphalt roads,Dry,Darkness - lights lit,Normal,Collision with roadside objects,2,1,Going straight,Not a Pedestrian,No distancing,21,Night,2
Sunday,31-50,Unknown,Elementary school,Employee,2-5yr,Lorry (41?100Q),Owner,Unknown,No defect,Residential areas,Double carriageway (median),Tangent road with flat terrain,Y Shape,Asphalt roads,Dry,Darkness - lights lit,Normal,Collision with roadside objects,2,1,Going straight,Not a Pedestrian,Other,21,Night,2
Monday,Over 51,Male,High school,Owner,Above 10yr,Automobile,Owner,Unknown,No defect, Church areas,Undivided Two way,Tangent road with flat terrain,Y Shape,Asphalt roads,Dry,Daylight,Normal,Vehicle with vehicle collision,2,2,Reversing,Not a Pedestrian,No priority to vehicle,14,Afternoon,2
Monday,Over 51,Male,Elementary school,Employee,1-2yr,Automobile,Owner,Unknown,No defect,Other,Two-way (divided with broken lines road marking),Tangent road with flat terrain,Y Shape,Asphalt roads,Dry,Daylight,Normal,Vehicle with vehicle collision,2,2,Getting off,Not a Pedestrian,Changing lane to the right,14,Afternoon,2
Monday,18-30,Unknown,Junior high school,Employee,Above 10yr,Lorry (41?100Q),Owner,Unknown,No defect,  Recreational areas,Two-way (divided with broken lines road marking),Tangent road with flat terrain,Y Shape,Asphalt roads,Dry,Daylight,Normal,Vehicle with vehicle collision,2,2,Going straight,Not a Pedestrian,Other,14,Afternoon,2
Sunday,31-50,Male,Junior high school,Unknown,5-10yr,Automobile,Owner,Unknown,No defect,Other,Two-way (divided with broken lines road marking),Tangent road with flat terrain,Crossing,Asphalt roads,Wet or damp,Darkness - lights lit,Normal,Vehicle with vehicle collision,2,1,Getting off,Not a Pedestrian,No distancing,17,Evening,2
Sunday,Over 51,Male,Junior high school,Owner,5-10yr,Other,Owner,Unknown,No defect, Industrial areas,Undivided Two way,Tangent road with mild grade and flat terrain,Crossing,Asphalt roads,Wet or damp,Darkness - lights lit,Normal,Vehicle with vehicle collision,2,1,Going straight,Not a Pedestrian,Driving carelessly,17,Evening,2
Saturday,18-30,Male,Above high school,Employee,5-10yr,Automobile,Owner,Unknown,No defect,Other,Two-way (divided with broken lines road marking),Tangent road with flat terrain,Crossing,Asphalt roads,Wet or damp,Darkness - lights lit,Raining,Collision with roadside objects,2,1,Going straight,Not a Pedestrian,No distancing,21,Night,2
Saturday,18-30,Male,Junior high school,Employee,5-10yr,Automobile,Owner,Unknown,No defect,Other,other,Tangent road with flat terrain,Crossing,Asphalt roads,Wet or damp,Darkness - lights lit,Raining,Vehicle with vehicle collision,2,1,Going straight,Not a Pedestrian,Moving Backward,21,Night,2
Tuesday,18-30,Male,Junior high school,Employee,Above 10yr,Automobile,Owner,5-10yrs,No defect, Church areas,other,Tangent road with flat terrain,Y Shape,Asphalt roads,Wet or damp,Daylight,Normal,Vehicle with vehicle collision,2,1,Going straight,Not a Pedestrian,No distancing,7,Morning,2
Tuesday,31-50,Male,Junior high school,Employee,1-2yr,Automobile,Owner,5-10yrs,No defect, Church areas,Undivided Two way,Tangent road with flat terrain,Y Shape,Asphalt roads,Wet or damp,Daylight,Normal,Vehicle with vehicle collision,2,1,Going straight,Not a Pedestrian,Moving Backward,7,Morning,2