day_of_week,age_band_of_driver,sex_of_driver,educational_level,vehicle_driver_relation,driving_experience,type_of_vehicle,owner_of_vehicle,service_year_of_vehicle,defect_of_vehicle,area_accident_occured,lanes_or_medians,road_allignment,types_of_junction,road_surface_type,road_surface_conditions,light_conditions,weather_conditions,type_of_collision,number_of_vehicles_involved,number_of_casualties,vehicle_movement,pedestrian_movement,cause_of_accident,hour,time_period,Predicted_Accident_Severity
Thursday,Under 18,Male,Junior high school,Employee,2-5yr,Other,Owner,Unknown,No defect,Residential areas,Undivided Two way,Tangent road with flat terrain,No junction,Asphalt roads,Dry,Daylight,Normal,Vehicle with vehicle collision,2,1,Going straight,Not a Pedestrian,Driving carelessly,13,Afternoon,1
Wednesday,18-30,Male,Junior high school,Employee,5-10yr,Automobile,Owner,Above 10yr,No defect,Office areas,Undivided Two way,Tangent road with flat terrain,No junction,Asphalt roads,Dry,Daylight,Normal,Collision with roadside objects,2,1,Going straight,Not a Pedestrian,Changing lane to the left,17,Evening,2
Wednesday,31-50,Male,Junior high school,Employee,2-5yr,Automobile,Owner,Above 10yr,No defect,Residential areas,One way,Tangent road with flat terrain,No junction,Asphalt roads,Dry,Daylight,Normal,Vehicle with vehicle collision,2,1,Reversing,Not a Pedestrian,No priority to vehicle,17,Evening,2
Saturday,18-30,Male,Junior high school,Employee,2-5yr,Automobile,Owner,Unknown,No defect,Other,other,Tangent road with flat terrain,No junction,Asphalt roads,Dry,Daylight,Normal,Rollover,2,1,Going straight,Not a Pedestrian,No distancing,21,Night,2
Wednesday,Under 18,Male,Junior high school,Employee,Above 10yr,Public (> 45 seats),Other,Unknown,No defect,Other,Two-way (divided with broken lines road marking),Tangent road with flat terrain,Other,Asphalt roads,Dry,Daylight,Normal,Vehicle with vehicle collision,2,1,Reversing,Not a Pedestrian,Changing lane to the right,16,Afternoon,2
Wednesday,31-50,Male,Junior high school,Employee,1-2yr,Automobile,Owner,5-10yrs,No defect,Office areas,Two-way (divided with broken lines road marking),Tangent road with flat terrain,Other,Asphalt roads,Dry,Daylight,Normal,Vehicle with vehicle collision,1,1,Other,Not a Pedestrian,Changing lane to the right,16,Afternoon,1
Tuesday,18-30,Male,Above high school,Owner,1-2yr,Other,Owner,Above 10yr,No defect,Office areas,Two-way (divided with broken lines road marking),Tangent road with flat terrain,Crossing,Asphalt roads,Dry,Daylight,Raining,Vehicle with vehicle collision,1,1,Going straight,Crossing from driver's nearside,Driving at high speed,17,Evening,2
Tuesday,18-30,Male,Above high school,Employee,No Licence,Automobile,Owner,2-5yrs,No defect,Residential areas,Two-way (divided with broken lines road marking),Tangent road with flat terrain,Crossing,Asphalt roads,Dry,Darkness - lights lit,Normal,Vehicle with vehicle collision,2,1,Going straight,Unknown or other,No distancing,17,Evening,2
Saturday,31-50,Male,Junior high school,Employee,1-2yr,Other,Owner,Unknown,No defect,Other,Two-way (divided with broken lines road marking),Tangent road with flat terrain,Crossing,Asphalt roads,Dry,Darkness - lights lit,Normal,Vehicle with vehicle collision,2,1,Going straight,Not a Pedestrian,Changing lane to the right,22,Night,2
Monday,18-30,Male,Junior high school,Employee,5-10yr,Lorry (41?100Q),Governmental,Unknown,No defect,Other,Undivided Two way,Tangent road with flat terrain,Crossing,Asphalt roads,Dry,Darkness - lights lit,Normal,Collision with pedestrians,2,5,Going straight,Not a Pedestrian,Changing lane to the left,7,Morning,2
Monday,18-30,Male,Junior high school,Employee,Above 10yr,Pick up upto 10Q,Owner,Unknown,No defect,Office areas,Two-way (divided with broken lines road marking),Tangent road with flat terrain,Crossing,Asphalt roads,Dry,Darkness - lights lit,Normal,Rollover,2,5,Going straight,Not a Pedestrian,Getting off the vehicle improperly,7,Morning,2
Sunday,31-50,Female,Junior high school,Employee,Above 10yr,Public (13?45 seats),Owner,Unknown,No defect,Office areas,Two-way (divided with broken lines road marking),Tangent road with flat terrain,Y Shape,Asphalt roads,Dry,Darkness - lights lit,Normal,Vehicle with vehicle collision,2,5,Going straight,Not a Pedestrian,Other,20,Evening,2
Sunday,Unknown,Male,Junior high school,Owner,5-10yr,Automobile,Owner,Unknown,No defect, Church areas,Undivided Two way,Tangent road with flat terrain,Y Shape,Asphalt roads,Dry,Darkness - lights lit,Normal,Rollover,2,5,Going straight,Not a Pedestrian,Other,20,Evening,2
Saturday,Over 51,Male,Elementary school,Employee,2-5yr,Pick up upto 10Q,Governmental,Unknown,No defect,Other,One way,Tangent road with flat terrain,Y Shape,Asphalt roads,Dry,Darkness - lights lit,Normal,Vehicle with vehicle collision,2,5,Going straight,Not a Pedestrian,No distancing,20,Evening,2
Thursday,18-30,Male,Junior high school,Employee,2-5yr,Automobile,Owner,Unknown,No defect,Office areas,Undivided Two way,Tangent road with flat terrain,No junction,Asphalt roads,Dry,Daylight,Normal,Vehicle with vehicle collision,3,1,Going straight,Not a Pedestrian,No priority to vehicle,18,Evening,2
Wednesday,31-50,Male,Junior high school,Employee,Below 1yr,Lorry (41?100Q),Owner,1-2yr,No defect,Office areas,Two-way (divided with broken lines road marking),Tangent road with flat terrain,No junction,Asphalt roads,Dry,Daylight,Normal,Vehicle with vehicle collision,3,1,Going straight,Not a Pedestrian,Overtaking,16,Afternoon,2
Tuesday,18-30,Male,Junior high school,Employee,2-5yr,Automobile,Owner,Below 1yr,No defect,Residential areas,Two-way (divided with broken lines road marking),Tangent road with flat terrain,Y Shape,Asphalt roads,Dry,Daylight,Normal,Fall from vehicles,3,1,Going straight,Not a Pedestrian,No priority to pedestrian,18,Evening,2
Tuesday,18-30,Male,Junior high school,Employee,2-5yr,Lorry (41?100Q),Owner,Unknown,No defect,Other,Undivided Two way,Tangent road with flat terrain,Y Shape,Asphalt roads,Dry,Daylight,Normal,Vehicle with vehicle collision,2,1,Going straight,Not a Pedestrian,No distancing,18,Evening,2
Monday,18-30,Male,Elementary school,Employee,5-10yr,Lorry (41?100Q),Owner,5-10yrs,No defect,Residential areas,Two-way (divided with broken lines road marking),Tangent road with flat terrain,Y Shape,Asphalt roads,Dry,Daylight,Normal,Collision with roadside objects,2,1,Going straight,Not a Pedestrian,Changing lane to the right,15,Afternoon,2
Wednesday,Under 18,Male,Junior high school,Employee,Above 10yr,Lorry (41?100Q),Governmental,Unknown,No defect,Office areas,Two-way (divided with broken lines road marking),Tangent road with flat terrain,Y Shape,Asphalt roads,Wet or damp,Darkness - lights lit,Normal,Vehicle with vehicle collision,2,1,Going straight,Not a Pedestrian,Driving carelessly,18,Evening,2
Wednesday,18-30,Male,Junior high school,Employee,5-10yr,Public (13?45 seats),Owner,5-10yrs,No defect,Office areas,Undivided Two way,Tangent road with flat terrain,Y Shape,Asphalt roads,Wet or damp,Darkness - lights lit,Normal,Vehicle with vehicle collision,2,1,Going straight,Not a Pedestrian,Changing lane to the right,18,Evening,1
Tuesday,31-50,Male,Junior high school,Employee,2-5yr,Automobile,Owner,Above 10yr,No defect,Other,Undivided Two way,Tangent road with flat terrain,Y Shape,Asphalt roads,Wet or damp,Darkness - lights lit,Raining,Vehicle with vehicle collision,2,1,Going straight,Not a Pedestrian,Overtaking,20,Evening,2
Tuesday,31-50,Male,Junior high school,Employee,5-10yr,Other,Owner,1-2yr,No defect,Other,other,Steep grade downward with mountainous terrain,Y Shape,Asphalt roads,Wet or damp,Darkness - lights lit,Raining,Collision with pedestrians,2,1,Moving Backward,Not a Pedestrian,Other,20,Evening,2
Monday,31-50,Male,Above high school,Employee,2-5yr,Other,Owner,2-5yrs,No defect,Office areas,One way,Steep grade downward with mountainous terrain,Crossing,Asphalt roads,Dry,Darkness - lights lit,Normal,Vehicle with vehicle collision,2,1,Going straight,Not a Pedestrian,Driving to the left,17,Evening,2
Monday,18-30,Male,Junior high school,Employee,5-10yr,Other,Owner,Unknown,No defect,Residential areas,Two-way (divided with broken lines road marking),Tangent road with flat terrain,Crossing,Asphalt roads,Dry,Darkness - lights lit,Normal,Vehicle with vehicle collision,2,1,Going straight,Not a Pedestrian,Driving at high speed,17,Evening,2
Wednesday,18-30,Male,Junior high school,Employee,1-2yr,Automobile,Owner,Unknown,No defect,Other,Two-way (divided with broken lines road marking),Tangent road with flat terrain,Crossing,Asphalt roads,Wet or damp,Darkness - lights lit,Normal,Vehicle with vehicle collision,1,1,Going straight,Not a Pedestrian,Unknown,20,Evening,2
Friday,31-50,Male,Junior high school,Employee,2-5yr,Other,Organization,2-5yrs,No defect,Residential areas,Undivided Two way,Tangent road with flat terrain,Crossing,Asphalt roads,Dry,Daylight,Normal,Rollover,2,1,Going straight,Not a Pedestrian,Changing lane to the right,22,Night,2
Friday,31-50,Male,Junior high school,Employee,Above 10yr,Lorry (41?100Q),Owner,Unknown,No defect, Church areas,Two-way (divided with broken lines road marking),Tangent road with flat terrain,No junction,Asphalt roads,Dry,Daylight,Normal,Collision with roadside objects,2,1,Turnover,Not a Pedestrian,No distancing,22,Night,2
Friday,18-30,Male,Junior high school,Employee,Below 1yr,Public (12 seats),Governmental,Unknown,No defect,Residential areas,Two-way (divided with broken lines road marking),Tangent road with flat terrain,No junction,Asphalt roads,Wet or damp,Darkness - lights lit,Normal,Vehicle with vehicle collision,2,3,Going straight,Not a Pedestrian,Other,22,Night,2
Friday,Over 51,Male,Junior high school,Employee,2-5yr,Lorry (41?100Q),Owner,Unknown,No defect,Office areas,One way,Tangent road with flat terrain,No junction,Asphalt roads,Wet or damp,Darkness - lights lit,Normal,Vehicle with vehicle collision,2,3,Going straight,Not a Pedestrian,No priority to vehicle,15,Afternoon,2
Wednesday,31-50,Male,Junior high school,Employee,Below 1yr,Public (12 seats),Governmental,Below 1yr,No defect,Residential areas,Two-way (divided with broken lines road marking),Tangent road with flat terrain,Crossing,Asphalt roads,Wet or damp,Darkness - lights lit,Normal,Collision with roadside objects,2,3,Going straight,Not a Pedestrian,Changing lane to the left,17,Evening,2
Wednesday,18-30,Male,High school,Employee,5-10yr,Lorry (41?100Q),Owner,Unknown,No defect,Other,One way,Tangent road with flat terrain,Crossing,Asphalt roads,Dry,Darkness - lights lit,Normal,Vehicle with vehicle collision,2,1,Going straight,Not a Pedestrian,No priority to pedestrian,17,Evening,2
Saturday,18-30,Male,Above high school,Employee,1-2yr,Other,Owner,Unknown,No defect, Industrial areas,Two-way (divided with broken lines road marking),Tangent road with flat terrain,Crossing,Asphalt roads,Dry,Darkness - lights lit,Normal,Vehicle with vehicle collision,2,1,Going straight,Crossing from nearside - masked by parked or statioNot a Pedestrianry vehicle,Overtaking,6,Morning,2
Saturday,Over 51,Male,Junior high school,Employee,Below 1yr,Lorry (41?100Q),Owner,Unknown,No defect, Church areas,Two-way (divided with broken lines road marking),Tangent road with flat terrain,Y Shape,Asphalt roads,Wet or damp,Daylight,Raining and Windy,Vehicle with vehicle collision,1,1,Going straight,Not a Pedestrian,Driving carelessly,6,Morning,2
Saturday,Over 51,Male,Junior high school,Employee,5-10yr,Automobile,Owner,2-5yrs,No defect,Residential areas,Undivided Two way,Steep grade downward with mountainous terrain,Y Shape,Asphalt roads,Dry,Daylight,Normal,Rollover,2,1,Going straight,Not a Pedestrian,No priority to vehicle,6,Morning,2
Thursday,Over 51,Male,High school,Employee,Below 1yr,Public (> 45 seats),Owner,Unknown,No defect,Other,Two-way (divided with broken lines road marking),Tangent road with flat terrain,Y Shape,Asphalt roads,Dry,Daylight,Normal,Rollover,2,1,Going straight,Not a Pedestrian,No priority to pedestrian,11,Morning,2
Thursday,18-30,Male,High school,Employee,Below 1yr,Lorry (41?100Q),Owner,Unknown,No defect,Other,Two-way (divided with broken lines road marking),Tangent road with flat terrain,Y Shape,Asphalt roads,Wet or damp,Darkness - lights lit,Raining,Collision with pedestrians,3,1,Going straight,Not a Pedestrian,Changing lane to the right,11,Morning,2
Wednesday,18-30,Male,Junior high school,Employee,5-10yr,Other,Owner,1-2yr,No defect,Office areas,Undivided Two way,Tangent road with flat terrain,Y Shape,Asphalt roads,Wet or damp,Darkness - lights lit,Raining,Vehicle with vehicle collision,3,1,Turnover,Not a Pedestrian,Driving carelessly,17,Evening,2
Wednesday,18-30,Male,High school,Employee,2-5yr,Other,Owner,Above 10yr,No defect, Outside rural areas,Two-way (divided with broken lines road marking),Tangent road with mountainous terrain and,Y Shape,Asphalt roads,Wet or damp,Darkness - lights lit,Raining,Vehicle with vehicle collision,3,1,Going straight,Not a Pedestrian,Changing lane to the right,17,Evening,2
Wednesday,18-30,Male,Junior high school,Employee,Above 10yr,Automobile,Owner,Above 10yr,No defect, Church areas,Two-way (divided with broken lines road marking),Steep grade downward with mountainous terrain,Y Shape,Asphalt roads,Dry,Darkness - lights lit,Normal,Vehicle with vehicle collision,2,1,Reversing,Unknown or other,Changing lane to the right,17,Evening,2
Friday,31-50,Male,Junior high school,Employee,Above 10yr,Lorry (41?100Q),Owner,Unknown,No defect,Office areas,other,Tangent road with mountainous terrain and,Other,Asphalt roads,Dry,Darkness - lights lit,Normal,Collision with pedestrians,2,1,Other,Not a Pedestrian,Changing lane to the left,17,Evening,2
Monday,18-30,Male,Junior high school,Employee,5-10yr,Pick up upto 10Q,Owner,Above 10yr,No defect, Church areas,Two-way (divided with broken lines road marking),Steep grade downward with mountainous terrain,Other,Asphalt roads,Dry,Daylight,Normal,Collision with pedestrians,1,1,Going straight,Not a Pedestrian,Overturning,10,Morning,2
Monday,Over 51,Male,Junior high school,Employee,1-2yr,Automobile,Owner,Unknown,No defect,Office areas,other,Tangent road with mountainous terrain and,Y Shape,Asphalt roads,Wet or damp,Darkness - lights lit,Normal,Vehicle with vehicle collision,2,2,Going straight,Unknown or other,Driving carelessly,10,Morning,2
Monday,31-50,Male,Unknown,Employee,Below 1yr,Automobile,Governmental,Unknown,No defect,Office areas,Undivided Two way,Tangent road with flat terrain,Y Shape,Asphalt roads,Wet or damp,Darkness - lights lit,Normal,Vehicle with vehicle collision,2,2,Turnover,Not a Pedestrian,No distancing,10,Morning,2
Monday,31-50,Female,Junior high school,Employee,Below 1yr,Other,Owner,1-2yr,No defect,School areas,Two-way (divided with broken lines road marking),Tangent road with flat terrain,Y Shape,Asphalt roads,Wet or damp,Darkness - lights lit,Normal,Vehicle with vehicle collision,2,2,Other,Not a Pedestrian,Driving carelessly,10,Morning,2
Friday,18-30,Male,High school,Employee,2-5yr,Automobile,Owner,Below 1yr,No defect,Residential areas,Two-way (divided with broken lines road marking),Tangent road with flat terrain,No junction,Asphalt roads,Wet or damp,Darkness - lights lit,Normal,Collision with roadside objects,2,5,Going straight,Not a Pedestrian,Changing lane to the left,18,Evening,2
Saturday,18-30,Male,Junior high school,Owner,1-2yr,Stationwagen,Owner,Unknown,No defect,Office areas,other,Tangent road with mountainous terrain and,Y Shape,Asphalt roads,Wet or damp,Darkness - lights lit,Normal,Vehicle with vehicle collision,2,5,Going straight,Not a Pedestrian,No priority to vehicle,17,Evening,2
Saturday,18-30,Male,Junior high school,Employee,5-10yr,Other,Owner,Unknown,No defect,Rural village areasOffice areas,other,Tangent road with flat terrain,Y Shape,Asphalt roads,Wet or damp,Darkness - lights lit,Normal,Collision with roadside objects,2,5,Other,Not a Pedestrian,Changing lane to the right,17,Evening,2
Saturday,Over 51,Male,Elementary school,Employee,2-5yr,Automobile,Owner,Unknown,No defect,Other,Two-way (divided with broken lines road marking),Tangent road with flat terrain,No junction,Asphalt roads,Wet or damp,Darkness - lights lit,Normal,Vehicle with vehicle collision,2,5,Going straight,Not a Pedestrian,No distancing,17,Evening,2
Wednesday,18-30,Male,Elementary school,Owner,5-10yr,Ridden horse,Owner,Unknown,No defect,Residential areas,Undivided Two way,Tangent road with flat terrain,Crossing,Asphalt roads,Wet or damp,Darkness - lights lit,Normal,Vehicle with vehicle collision,2,5,Turnover,Not a Pedestrian,Moving Backward,17,Evening,2
Monday,18-30,Male,Junior high school,Employee,Above 10yr,Automobile,Owner,Unknown,No defect,Office areas,Undivided Two way,Tangent road with flat terrain,Crossing,Asphalt roads,Wet or damp,Darkness - lights lit,Raining,Collision with roadside objects,2,1,Going straight,Not a Pedestrian,Moving Backward,19,Evening,2
Monday,31-50,Male,Junior high school,Employee,5-10yr,Other,Owner,Unknown,No defect,Office areas,Undivided Two way,Tangent road with flat terrain,Y Shape,Asphalt roads,Wet or damp,Darkness - lights lit,Raining,Vehicle with vehicle collision,2,1,Turnover,Not a Pedestrian,No distancing,19,Evening,2
Thursday,31-50,Male,High school,Employee,5-10yr,Lorry (41?100Q),Owner,Unknown,No defect,Residential areas,Undivided Two way,Tangent road with flat terrain,Y Shape,Asphalt roads,Wet or damp,Darkness - lights lit,Normal,Vehicle with vehicle collision,2,1,Going straight,Not a Pedestrian,No distancing,21,Night,2
Thursday,31-50,Male,Junior high school,Employee,5-10yr,Lorry (41?100Q),Owner,Unknown,No defect,Office areas,Undivided Two way,Tangent road with flat terrain,No junction,Asphalt roads,Wet or damp,Darkness - lights lit,Normal,Collision with roadside objects,2,1,Moving Backward,Not a Pedestrian,No distancing,21,Night,2
Monday,Over 51,Male,Junior high school,Employee,Above 10yr,Lorry (41?100Q),Owner,Unknown,No defect,Office areas,Undivided Two way,Tangent road with flat terrain,No junction,Asphalt roads,Wet or damp,Daylight,Normal,Collision with roadside objects,2,1,Going straight,Not a Pedestrian,No priority to pedestrian,13,Afternoon,2
Monday,Over 51,Male,Junior high school,Employee,1-2yr,Stationwagen,Owner,Unknown,No defect,Office areas,Two-way (divided with broken lines road marking),Tangent road with flat terrain,No junction,Asphalt roads,Wet or damp,Daylight,Normal,Vehicle with vehicle collision,2,1,Going straight,Not a Pedestrian,Driving carelessly,13,Afternoon,1
Thursday,31-50,Male,Junior high school,Employee,2-5yr,Lorry (41?100Q),Owner,Unknown,No defect,Office areas,Two-way (divided with broken lines road marking),Tangent road with flat terrain,No junction,Asphalt roads,Dry,Daylight,Normal,Vehicle with vehicle collision,1,1,Going straight,Not a Pedestrian,Changing lane to the right,4,Night,1
Friday,31-50,Male,Junior high school,Employee,1-2yr,Automobile,Owner,Unknown,No defect,Other,Undivided Two way,Tangent road with flat terrain,No junction,Asphalt roads,Wet or damp,Daylight,Cloudy,Vehicle with vehicle collision,1,1,Reversing,Not a Pedestrian,Changing lane to the left,13,Afternoon,2
Friday,Over 51,Male,Junior high school,Employee,5-10yr,Automobile,Owner,Unknown,No defect,Other,Two-way (divided with broken lines road marking),Tangent road with flat terrain,Y Shape,Asphalt roads,Dry,Daylight,Normal,Vehicle with vehicle collision,2,2,Reversing,Not a Pedestrian,Driving carelessly,13,Afternoon,2
Thursday,31-50,Male,Elementary school,Employee,5-10yr,Pick up upto 10Q,Owner,2-5yrs,No defect,Other,Two-way (divided with broken lines road marking),Tangent road with flat terrain,Y Shape,Asphalt roads,Dry,Daylight,Normal,Vehicle with vehicle collision,2,2,Reversing,Not a Pedestrian,Driving carelessly,17,Evening,2
Sunday,Over 51,Male,Junior high school,Employee,5-10yr,Taxi,Owner,2-5yrs,No defect,Residential areas,One way,Tangent road with flat terrain,Y Shape,Asphalt roads,Dry,Daylight,Normal,Vehicle with vehicle collision,2,2,Going straight,Not a Pedestrian,No distancing,12,Afternoon,2
Sunday,31-50,Male,Junior high school,Employee,Above 10yr,Automobile,Owner,2-5yrs,No defect,School areas,Undivided Two way,Tangent road with mild grade and flat terrain,Y Shape,Asphalt roads,Wet or damp,Daylight,Raining,Vehicle with vehicle collision,1,1,Going straight,Not a Pedestrian,Other,12,Afternoon,2
Tuesday,18-30,Male,Junior high school,Employee,2-5yr,Automobile,Owner,2-5yrs,No defect,Residential areas,Undivided Two way,Tangent road with mild grade and flat terrain,Y Shape,Asphalt roads,Wet or damp,Daylight,Other,Vehicle with vehicle collision,1,1,Going straight,Not a Pedestrian,Changing lane to the right,13,Afternoon,2
Tuesday,31-50,Male,Junior high school,Owner,Above 10yr,Automobile,Owner,2-5yrs,No defect,Office areas,Two-way (divided with broken lines road marking),Tangent road with flat terrain,Y Shape,Asphalt roads,Wet or damp,Daylight,Raining,Vehicle with vehicle collision,2,1,Going straight,Not a Pedestrian,Changing lane to the right,13,Afternoon,1
Tuesday,31-50,Male,Junior high school,Employee,2-5yr,Long lorry,Owner,Unknown,No defect, Church areas,One way,Tangent road with flat terrain,Y Shape,Asphalt roads,Wet or damp,Daylight,Raining,Vehicle with vehicle collision,2,1,Moving Backward,Not a Pedestrian,No distancing,12,Afternoon,2
Tuesday,18-30,Male,Elementary school,Other,5-10yr,Public (12 seats),Owner,Unknown,No defect,Other,Undivided Two way,Tangent road with flat terrain,Y Shape,Asphalt roads,Wet or damp,Darkness - lights lit,Normal,Vehicle with vehicle collision,2,1,Going straight,Not a Pedestrian,No distancing,12,Afternoon,2
Tuesday,31-50,Male,Elementary school,Employee,5-10yr,Pick up upto 10Q,Owner,2-5yrs,No defect,Other,One way,Tangent road with flat terrain,No junction,Asphalt roads,Wet or damp,Darkness - lights lit,Normal,Vehicle with vehicle collision,2,1,Moving Backward,Not a Pedestrian,Overturning,12,Afternoon,2
Tuesday,31-50,Male,Junior high school,Employee,5-10yr,Automobile,Owner,5-10yrs,No defect,Other,Two-way (divided with broken lines road marking),Tangent road with flat terrain,No junction,Asphalt roads,Wet or damp,Darkness - lights lit,Raining,Vehicle with vehicle collision,1,1,Moving Backward,Not a Pedestrian,Driving at high speed,12,Afternoon,0
Wednesday,18-30,Male,Junior high school,Employee,5-10yr,Other,Owner,Unknown,No defect,Other,Two-way (divided with broken lines road marking),Tangent road with flat terrain,No junction,Asphalt roads,Wet or damp,Darkness - lights lit,Cloudy,Vehicle with vehicle collision,2,1,Going straight,Not a Pedestrian,No priority to vehicle,8,Morning,2
Wednesday,18-30,Male,Elementary school,Employee,Above 10yr,Lorry (41?100Q),Owner,Unknown,No defect,Office areas,Undivided Two way,Tangent road with flat terrain,No junction,Asphalt roads,Wet or damp,Darkness - lights lit,Cloudy,Vehicle with vehicle collision,2,1,Other,Not a Pedestrian,No priority to pedestrian,8,Morning,2
Wednesday,Over 51,Male,Junior high school,Employee,Below 1yr,Automobile,Owner,Unknown,No defect,Office areas,Two-way (divided with solid lines road marking),Tangent road with flat terrain,No junction,Asphalt roads,Dry,Darkness - lights lit,Normal,Vehicle with vehicle collision,2,1,Going straight,Not a Pedestrian,No priority to vehicle,8,Morning,2
Friday,Over 51,Male,Junior high school,Employee,5-10yr,Pick up upto 10Q,Owner,Unknown,No defect,Residential areas,Undivided Two way,Tangent road with flat terrain,No junction,Asphalt roads,Dry,Darkness - lights lit,Normal,Vehicle with vehicle collision,2,1,Other,Not a Pedestrian,Other,12,Afternoon,2
Friday,Over 51,Male,Elementary school,Employee,1-2yr,Lorry (41?100Q),Owner,Unknown,No defect,Office areas,One way,Tangent road with flat terrain,No junction,Asphalt roads,Wet or damp,Darkness - lights lit,Windy,Vehicle with vehicle collision,1,1,Going straight,Not a Pedestrian,Other,12,Afternoon,2
Friday,31-50,Male,Junior high school,Employee,Above 10yr,Lorry (41?100Q),Owner,Unknown,No defect,Residential areas,Two-way (divided with broken lines road marking),Tangent road with flat terrain,No junction,Asphalt roads,Wet or damp,Daylight,Raining,Collision with roadside objects,2,1,Reversing,Not a Pedestrian,Moving Backward,12,Afternoon,2
Thursday,31-50,Male,Elementary school,Owner,2-5yr,Long lorry,Owner,Unknown,No defect,Office areas,Undivided Two way,Tangent road with flat terrain,Other,Asphalt roads,Wet or damp,Daylight,Raining,Vehicle with vehicle collision,2,1,Going straight,Not a Pedestrian,No distancing,12,Afternoon,2
Thursday,31-50,Male,Junior high school,Employee,5-10yr,Public (> 45 seats),Owner,Unknown,No defect,Other,Two-way (divided with broken lines road marking),Tangent road with flat terrain,Other,Asphalt roads,Dry,Darkness - lights lit,Normal,Collision with pedestrians,2,1,Going straight,Not a Pedestrian,Moving Backward,12,Afternoon,2
Sunday,Under 18,Male,Junior high school,Employee,Below 1yr,Public (> 45 seats),Owner,Unknown,No defect,Office areas,One way,Tangent road with flat terrain,No junction,Asphalt roads,Dry,Darkness - lights lit,Normal,Vehicle with vehicle collision,2,1,Going straight,Not a Pedestrian,No priority to vehicle,11,Morning,2
Sunday,18-30,Male,Junior high school,Employee,5-10yr,Automobile,Owner,Unknown,No defect,School areas,Undivided Two way,Tangent road with flat terrain,No junction,Asphalt roads,Wet or damp,Darkness - lights lit,Other,Collision with roadside objects,1,1,Going straight,Not a Pedestrian,Driving carelessly,11,Morning,2
Sunday,31-50,Male,High school,Employee,Above 10yr,Automobile,Owner,Unknown,No defect,Residential areas,One way,Tangent road with flat terrain,No junction,Asphalt roads,Wet or damp,Darkness - lights lit,Windy,Vehicle with vehicle collision,1,1,Going straight,Not a Pedestrian,No distancing,11,Morning,2
Sunday,31-50,Male,Junior high school,Employee,5-10yr,Automobile,Owner,Unknown,No defect,Office areas,Undivided Two way,Tangent road with flat terrain,Y Shape,Asphalt roads,Wet or damp,Darkness - lights lit,Raining,Vehicle with vehicle collision,1,1,Going straight,Not a Pedestrian,Other,11,Morning,2
Monday,Over 51,Male,Elementary school,Employee,1-2yr,Other,Owner,Unknown,No defect,Residential areas,Undivided Two way,Tangent road with flat terrain,Y Shape,Asphalt roads,Wet or damp,Darkness - lights lit,Raining,Vehicle with vehicle collision,2,1,Going straight,Not a Pedestrian,Changing lane to the right,10,Morning,2
Thursday,31-50,Male,Junior high school,Employee,5-10yr,Public (12 seats),Owner,Unknown,No defect,Office areas,Undivided Two way,Tangent road with flat terrain,No junction,Asphalt roads,Wet or damp,Darkness - lights lit,Raining,Vehicle with vehicle collision,2,1,Other,Not a Pedestrian,No distancing,22,Night,1
Thursday,31-50,Male,Above high school,Employee,1-2yr,Automobile,Owner,2-5yrs,No defect,Office areas,Two-way (divided with broken lines road marking),Tangent road with flat terrain,No junction,Asphalt roads,Wet or damp,Daylight,Cloudy,Vehicle with vehicle collision,1,1,Going straight,Crossing from driver's nearside,Driving carelessly,22,Night,2
Friday,Over 51,Male,Junior high school,Employee,Above 10yr,Stationwagen,Owner,Unknown,No defect,Residential areas,Undivided Two way,Tangent road with flat terrain,No junction,Asphalt roads,Wet or damp,Darkness - lights lit,Raining,Rollover,2,2,Going straight,Not a Pedestrian,No distancing,17,Evening,2
Friday,31-50,Male,Junior high school,Employee,1-2yr,Automobile,Owner,Unknown,No defect,Other,Two-way (divided with broken lines road marking),Tangent road with flat terrain,Y Shape,Asphalt roads,Wet or damp,Darkness - lights lit,Raining,Collision with roadside objects,2,2,Going straight,Not a Pedestrian,No priority to vehicle,17,Evening,2
Tuesday,Over 51,Male,Junior high school,Employee,5-10yr,Automobile,Owner,Above 10yr,No defect, Industrial areas,Undivided Two way,Tangent road with flat terrain,Y Shape,Asphalt roads,Wet or damp,Darkness - lights lit,Normal,Vehicle with vehicle collision,1,2,Going straight,Not a Pedestrian,Changing lane to the right,12,Afternoon,2
Tuesday,31-50,Male,Junior high school,Employee,2-5yr,Automobile,Owner,Unknown,No defect,Office areas,Two-way (divided with broken lines road marking),Tangent road with flat terrain,Y Shape,Asphalt roads,Wet or damp,Darkness - lights lit,Normal,Collision with roadside objects,1,2,Reversing,Not a Pedestrian,No priority to pedestrian,12,Afternoon,2
Tuesday,Over 51,Male,Junior high school,Employee,5-10yr,Automobile,Organization,Unknown,No defect,  Recreational areas,Two-way (divided with broken lines road marking),Tangent road with flat terrain,Y Shape,Asphalt roads,Dry,Darkness - lights lit,Normal,Vehicle with vehicle collision,2,1,Going straight,Not a Pedestrian,No priority to vehicle,8,Morning,2